country,channel,impressions,clicks,cost,installs,visits,purchases,revenue
A,APP-Acquisition-Android,14472269,74022,"13,583","12,094",,15226,1839.97
A,APP-Acquisition-Android,3057156,27797,"4,967","5,403",,4370,763.91
A,APP-Acquisition-iOS,537135,8066,"4,019","2,394",,1929,749.46
A,APP-Acquisition-iOS,518521,7326,"3,243","2,100",,1194,452.83
A,Web-Retargeting,1851036,8101,1065.45,,7056,927,782.33
A,Web-Retargeting,6603,925,175.07,,75,30,20.33
A,Web-Retargeting,255839,389,132.74,,388,50,43.1
A,Web-Retargeting,4575,621,80.72,,75,44,33.37
A,Web-Retargeting,165811,477,62.62,,540,101,74.18
A,Web-Retargeting,92871,1332,57.16,,665,116,81.54
A,Web-Retargeting,142834,282,51.92,,191,39,26.88
A,Web-Retargeting,90764,1029,42.02,,557,69,26.64
A,Web-Retargeting,2846,450,26.82,,28,9,3.25
A,Web-Retargeting,17618,223,9.88,,281,16,6.97
A,Web-Retargeting,22131,55,8.74,,38,6,3.09
A,Web-Retargeting,475,392,3.92,,2,0,
A,Web-Retargeting,8447,102,3.63,,52,1,1.04
A,Web-Retargeting,3378,41,1.21,,20,3,1.81
A,Web-Retargeting,159,42,0.71,,1,0,
A,Web-Acquisition,189688,421,257.99,,234,75,55.51
A,Web-Acquisition,246484,1696,256.03,,931,349,201.45
A,Web-Acquisition,261810,3668,130.36,,1229,8,5.97
A,Web-Acquisition,11568,7151,128.4,,30,12,3.67
A,Web-Acquisition,119666,516,125.79,,274,291,104.3
A,Web-Acquisition,21674,5049,111.11,,30,11,6.12
A,Web-Acquisition,252701,3174,108.71,,1988,17,4.42
A,Web-Acquisition,41244,52,88.26,,38,16,12.18
A,Web-Acquisition,10211,1678,75.74,,29,11,9.93
A,Web-Acquisition,5865,1213,49.09,,9,1,0.41
A,Web-Acquisition,5903,2498,45.43,,28,0,0.63
A,Web-Acquisition,3219,596,40.8,,18,3,2.34
A,Web-Acquisition,558,132,2.93,,3,0,4.27
A,Web-Acquisition,55480,72,0,,21,0,
A,Web-Acquisition,729828,1011,0,,340,0,0.21
A,Web-Acquisition,751064,760,0,,352,0,
A,Web-Acquisition,731208,926,0,,488,3,1.69
A,Web-Acquisition,1,0,0,,1,0,
A,SEM-Brand,114441,41525,8144.17,,49265,28699,26087.73
A,SEM-Brand,137338,35271,6334.63,,40414,14991,4850.97
A,SEM-Brand,13261,3453,390.87,,4341,1301,487.15
A,SEM-Brand,3697,1455,163.55,,2251,1375,1144.75
A,SEM-Flights,488118,13754,5239.14,,13060,2004,1693.16
A,SEM-Flights,396357,12885,4791.59,,12276,1794,1587.95
A,SEM-Flights,719190,10222,4325.78,,10790,2136,1833.14
A,SEM-Flights,446010,4154,2105.85,,4638,906,722.18
A,SEM-Flights,336734,2848,1498.37,,3188,557,492.2
A,SEM-Flights,145888,2184,1362.06,,2411,561,497.03
A,SEM-Flights,83607,2066,1131.85,,2067,705,606.13
A,SEM-Flights,6621,1593,1096.2,,1836,888,777.49
A,SEM-Flights,532532,2627,1040.9,,2821,604,529.57
A,SEM-Flights,3498,1302,965.47,,1600,591,499.62
A,SEM-Flights,715825,1564,910.84,,1757,404,345.73
A,SEM-Flights,41252,5345,883.62,,4660,770,403.28
A,SEM-Flights,72922,1593,843.39,,1680,392,353.09
A,SEM-Flights,3219,1166,818.75,,1382,484,384.52
A,SEM-Flights,13373,1230,769.33,,1163,438,321.78
A,SEM-Flights,58564,1984,740.15,,2134,402,335.35
A,SEM-Flights,49939,1432,716.75,,1559,406,368.24
A,SEM-Flights,8405,672,607.21,,684,241,184.24
A,SEM-Flights,43092,1100,603.29,,1098,332,276.32
A,SEM-Flights,6516,788,563.94,,780,190,168.28
A,SEM-Flights,6008,665,466.03,,725,217,176.4
A,SEM-Flights,23266,3630,465.79,,4273,1138,404.93
A,SEM-Flights,3923,624,459.03,,660,221,203.85
A,SEM-Flights,4750,651,393.76,,574,145,125.45
A,SEM-Flights,2823,477,315.21,,437,102,98.27
A,SEM-Flights,2820,444,312.71,,439,140,120.79
A,SEM-Flights,11110,1984,296.04,,2384,673,220.77
A,SEM-Flights,106879,4266,274.81,,4126,676,200.56
A,SEM-Flights,11168,2051,272.08,,2357,757,265.51
A,SEM-Flights,2650,442,227.59,,410,111,106.1
A,SEM-Flights,66967,3141,185.64,,2878,364,131.39
A,SEM-Flights,768,128,174.44,,142,28,22.27
A,SEM-Flights,76308,3340,173.35,,3205,403,172.36
A,SEM-Flights,22903,2387,162.62,,2220,348,200.19
A,SEM-Flights,12160,1890,151.21,,1820,359,146.95
A,SEM-Flights,10483,1754,137.12,,1537,266,121.68
A,SEM-Flights,15605,2078,136.12,,1930,411,157.63
A,SEM-Flights,12033,1595,110.17,,1413,217,105.1
A,SEM-Flights,726,148,105.31,,161,44,34.47
A,SEM-Flights,14208,1540,102.99,,1395,241,113.79
A,SEM-Flights,5517,214,92.45,,194,28,28.8
A,SEM-Flights,30365,1122,81.99,,1127,179,37.36
A,SEM-Flights,624,166,79.99,,184,106,74.16
A,SEM-Flights,9879,1135,68.04,,1082,167,77.83
A,SEM-Flights,7370,177,66.12,,166,21,11.25
A,SEM-Flights,8872,998,65.6,,944,154,128.84
A,SEM-Flights,6468,149,61.48,,140,30,24.28
A,SEM-Flights,38942,773,60.37,,750,122,31.69
A,SEM-Flights,9139,972,60.35,,915,139,65.84
A,SEM-Flights,19502,729,58.22,,820,150,35.95
A,SEM-Flights,2351,122,39.78,,116,23,17.16
A,SEM-Flights,3824,535,30.9,,420,103,46.9
A,SEM-Flights,157,45,30.07,,42,14,15.31
A,SEM-Flights,8903,212,28.24,,169,49,17.82
A,SEM-Flights,12418,340,26.29,,330,99,68.15
A,SEM-Flights,2575,425,26.18,,375,61,24.91
A,SEM-Flights,10579,267,23.04,,281,49,13.85
A,SEM-Flights,31765,166,19.24,,161,78,15.97
A,SEM-Flights,97,29,18.81,,32,4,2.21
A,SEM-Flights,1976,299,18.42,,251,48,24.71
A,SEM-Flights,177,36,17.93,,33,6,6.29
A,SEM-Flights,1440,52,16.52,,43,4,1.93
A,SEM-Flights,6763,244,16.43,,219,22,9.2
A,SEM-Flights,6755,31,14.72,,28,0,
A,SEM-Flights,2117,265,14.23,,230,40,16.31
A,SEM-Flights,73,23,13.86,,29,5,7.06
A,SEM-Flights,2347,31,13.6,,31,5,4.99
A,SEM-Flights,4988,107,12.4,,124,38,25.54
A,SEM-Flights,2224,22,12.15,,22,3,0.98
A,SEM-Flights,2335,208,11.19,,206,32,10.71
A,SEM-Flights,4673,95,11.06,,77,39,13.21
A,SEM-Flights,1720,27,11.02,,28,14,10.66
A,SEM-Flights,970,126,8.17,,93,15,7.57
A,SEM-Flights,1089,16,7.49,,23,3,2.19
A,SEM-Flights,1097,17,6.64,,17,1,2.43
A,SEM-Flights,102,14,5.76,,12,3,1.43
A,SEM-Flights,491,72,5.62,,62,8,4.46
A,SEM-Flights,1117,12,5.32,,14,2,4.4
A,SEM-Flights,2306,74,5.13,,65,7,0.83
A,SEM-Flights,650,75,4.7,,86,25,7.31
A,SEM-Flights,62,6,4.12,,7,1,0.43
A,SEM-Flights,2255,116,4.01,,118,8,1.51
A,SEM-Flights,1058,9,3.91,,9,5,6.03
A,SEM-Flights,188,33,2.93,,25,1,0.59
A,SEM-Flights,826,8,2.83,,6,1,0.45
A,SEM-Flights,448,45,1.77,,43,3,1.32
A,SEM-Flights,62,6,1.75,,4,0,
A,SEM-Flights,11,2,1.71,,2,0,
A,SEM-Flights,540,18,1.57,,17,1,0.58
A,SEM-Flights,581,11,1.15,,11,3,2.73
A,SEM-Flights,43,2,1.1,,2,0,
A,SEM-Flights,155,19,0.86,,22,5,1.61
A,SEM-Flights,27,7,0.82,,9,0,
A,SEM-Flights,1760,7,0.8,,5,2,0.41
A,SEM-Flights,341,23,0.67,,22,0,
A,SEM-Flights,154,3,0.65,,3,0,
A,SEM-Flights,112,5,0.5,,4,0,
A,SEM-Flights,24,5,0.43,,3,0,1.99
A,SEM-Flights,5,1,0.34,,1,0,
A,SEM-Flights,23,1,0.28,,1,0,
A,SEM-Flights,71,1,0.28,,1,0,
A,SEM-Flights,57,4,0.23,,3,1,0.25
A,SEM-Flights,185,2,0.16,,1,0,0.12
A,SEM-Flights,44,2,0.15,,2,0,
A,SEM-Flights,33,2,0.14,,1,0,
A,SEM-Flights,15,2,0.11,,3,0,
A,SEM-Flights,12,1,0.1,,1,0,
A,SEM-Flights,3,1,0.07,,1,0,
A,SEM-Flights,18,2,0.06,,2,2,0.5
A,SEM-Flights,8,1,0.03,,2,0,
A,SEM-Flights,99,1,0.03,,1,0,
A,SEM-Hotels,127231,4902,2228.1,,4421,1705,1387.14
A,SEM-Hotels,155506,10465,1978.4,,8738,2021,1551.51
A,SEM-Hotels,138804,2721,1787.52,,2695,943,671.05
A,SEM-Hotels,68784,3065,1024.32,,2844,947,718.47
A,SEM-Hotels,98676,3810,855.22,,3520,871,567.08
A,SEM-Hotels,61937,1501,558.7,,1367,338,228.17
A,SEM-Hotels,70216,2728,508.24,,2519,312,216.4
A,SEM-Hotels,24414,1113,499.75,,1056,427,336.69
A,SEM-Hotels,26073,1885,423.66,,1630,534,349.57
A,SEM-Hotels,23476,880,390.61,,757,244,166.38
A,SEM-Hotels,26288,419,277.73,,413,117,84.46
A,SEM-Hotels,34220,1777,267.16,,1393,330,280.43
A,SEM-Hotels,29366,635,235.82,,543,189,134.28
A,SEM-Hotels,32008,1322,224.5,,1244,159,102.19
A,SEM-Hotels,33537,263,163.62,,254,135,110.37
A,SEM-Hotels,28517,460,160.58,,412,116,78.29
A,SEM-Hotels,21884,442,128.48,,426,171,117.92
A,SEM-Hotels,2750,179,112.67,,136,52,41.71
A,SEM-Hotels,10711,700,108.41,,549,112,82.52
A,SEM-Hotels,15681,582,102.91,,516,131,96.48
A,SEM-Hotels,21298,176,95.64,,170,45,31.47
A,SEM-Hotels,7352,457,90.31,,285,89,58.9
A,SEM-Hotels,8208,454,86.15,,410,97,81.94
A,SEM-Hotels,2762,125,74.44,,122,56,43.55
A,SEM-Hotels,4315,174,73.02,,144,53,40.11
A,SEM-Hotels,2102,121,68.88,,116,43,28.93
A,SEM-Hotels,7434,364,55.07,,338,88,58.5
A,SEM-Hotels,1202,97,48.88,,86,20,15.03
A,SEM-Hotels,835,81,42.98,,78,47,39.78
A,SEM-Hotels,1917,71,41.44,,73,21,17.31
A,SEM-Hotels,1694,96,38.35,,78,31,37.23
A,SEM-Hotels,5345,69,31.75,,55,30,20.31
A,SEM-Hotels,4977,80,30.42,,74,12,6.29
A,SEM-Hotels,849,18,25.67,,20,7,6.2
A,SEM-Hotels,3032,102,20.64,,107,21,11.28
A,SEM-Hotels,1154,72,20,,46,11,10.58
A,SEM-Hotels,3019,144,15.62,,133,28,18.18
A,SEM-Hotels,764,48,14.35,,37,4,4.11
A,SEM-Hotels,1615,72,13.54,,64,16,13.1
A,SEM-Hotels,510,20,11.94,,19,6,4.32
A,SEM-Hotels,558,12,11.56,,10,0,
A,SEM-Hotels,395,16,10.72,,8,4,3.83
A,SEM-Hotels,1927,84,8.35,,80,9,6.82
A,SEM-Hotels,1237,32,8.15,,35,5,6.59
A,SEM-Hotels,345,14,7.27,,11,4,3.5
A,SEM-Hotels,1281,44,6.87,,41,2,2.8
A,SEM-Hotels,346,15,6.54,,17,0,0.43
A,SEM-Hotels,695,27,6.46,,24,11,5.29
A,SEM-Hotels,1060,17,6.14,,18,8,5.46
A,SEM-Hotels,1506,40,5.21,,44,3,2.07
A,SEM-Hotels,252,15,4.82,,13,7,5.97
A,SEM-Hotels,23,5,3.6,,5,0,0.23
A,SEM-Hotels,742,18,3.41,,13,0,
A,SEM-Hotels,236,4,2.46,,4,2,1.66
A,SEM-Hotels,200,5,2.44,,6,1,0.75
A,SEM-Hotels,206,3,1.96,,5,3,2.77
A,SEM-Hotels,551,3,1.49,,2,1,0.16
A,SEM-Hotels,366,9,1.27,,9,0,
A,SEM-Hotels,35,1,1.05,,2,0,
A,SEM-Hotels,270,3,0.98,,3,0,
A,SEM-Hotels,20,1,0.51,,1,0,
A,SEM-Hotels,151,1,0.34,,,0,
A,SEM-Hotels,51,2,0.15,,2,0,
A,SEM-Hotels,55,3,0.14,,2,0,
B,APP-Acquisition-Android,1203142,4644,811,"1,049",,1345,152.24
B,APP-Acquisition-Android,912395,5383,725,983,,1037,130.82
B,APP-Acquisition-iOS,1051538,3955,912,882,,438,154.45
B,APP-Acquisition-iOS,322166,1997,835,672,,341,107.39
B,Web-Retargeting,504551,8030,219.86,,4587,14,3.15
B,Web-Retargeting,2481,679,21.06,,10,1,0.48
B,Web-Retargeting,57848,720,20.73,,456,4,1.17
B,Web-Retargeting,642,172,4.83,,3,0,
B,Web-Retargeting,425,143,4.11,,2,0,0.46
B,Web-Retargeting,192,57,2.05,,2,0,0.24
B,Web-Retargeting,913,13,0.69,,3,0,
B,Web-Acquisition,211382,1346,160.66,,705,67,28.77
B,Web-Acquisition,692263,10606,156.3,,4958,1,0.49
B,Web-Acquisition,248179,1597,132.99,,804,57,32.1
B,Web-Acquisition,20260,10287,105.75,,49,1,0.33
B,Web-Acquisition,3993,1865,18.67,,28,8,4.33
B,Web-Acquisition,1730,1196,12.37,,3,3,0.84
B,Web-Acquisition,33237,857,8.72,,517,1,0.08
B,Web-Acquisition,757,525,5.58,,5,4,0.71
B,Web-Acquisition,93,54,0.54,,2,0,0.09
B,Web-Acquisition,555776,840,0,,398,0,
B,Web-Acquisition,648628,1085,0,,515,2,0.96
B,SEM-Brand,15611,5400,282.69,,6365,3032,1730.19
B,SEM-Brand,20921,5045,184.47,,5828,1382,435.18
B,SEM-Brand,2578,644,20.27,,890,345,117.91
B,SEM-Brand,1094,407,17.97,,608,351,208.85
B,SEM-Flights,2266,635,400.53,,686,292,166.06
B,SEM-Flights,21348,831,299.47,,790,122,72.06
B,SEM-Flights,9922,690,247.58,,669,215,146.37
B,SEM-Flights,21903,680,244.6,,688,160,88.93
B,SEM-Flights,12363,567,186.17,,549,66,40.64
B,SEM-Flights,13376,2317,153.85,,2708,634,177.43
B,SEM-Flights,16511,326,147.47,,333,76,42.45
B,SEM-Flights,32737,2727,120.32,,2668,432,125.2
B,SEM-Flights,2941,278,109.19,,247,53,33.99
B,SEM-Flights,4991,201,102.26,,239,59,29.95
B,SEM-Flights,18920,1847,100.04,,1764,274,79.63
B,SEM-Flights,12717,1978,93.71,,1824,349,97.19
B,SEM-Flights,988,191,81.93,,177,27,14.14
B,SEM-Flights,1348,223,79.26,,187,46,31.84
B,SEM-Flights,10875,770,50.35,,770,122,31.01
B,SEM-Flights,5716,834,45.4,,747,110,39.78
B,SEM-Flights,12151,609,39.4,,591,75,19.26
B,SEM-Flights,1875,77,33.6,,81,8,4.35
B,SEM-Flights,12145,664,27.8,,584,95,23.5
B,SEM-Flights,1134,72,26.28,,60,15,8.27
B,SEM-Flights,1226,61,24.97,,61,10,8.66
B,SEM-Flights,6850,36,20.7,,37,8,4.4
B,SEM-Flights,4039,227,17.32,,198,37,11.16
B,SEM-Flights,1517,35,16.32,,60,21,10.92
B,SEM-Flights,3012,331,15.76,,282,44,10.33
B,SEM-Flights,409,31,10.13,,29,3,2.15
B,SEM-Flights,511,21,7.4,,21,9,4.17
B,SEM-Flights,4198,162,7.15,,136,16,6.66
B,SEM-Flights,93,16,7.13,,18,2,2.01
B,SEM-Flights,2943,59,4.82,,62,11,3.69
B,SEM-Flights,1082,50,3.9,,47,7,2.15
B,SEM-Flights,1118,67,3.18,,72,16,4.41
B,SEM-Flights,232,10,2.79,,9,1,0.75
B,SEM-Flights,192,9,1.97,,9,1,0.66
B,SEM-Flights,130,7,1.86,,6,0,
B,SEM-Flights,55,5,1.59,,7,1,0.6
B,SEM-Flights,465,33,1.39,,29,4,0.72
B,SEM-Flights,386,33,1.14,,32,2,0.53
B,SEM-Flights,230,7,1.11,,6,0,0.09
B,SEM-Flights,125,16,0.72,,8,0,
B,SEM-Flights,105,16,0.64,,15,4,0.87
B,SEM-Flights,87,4,0.39,,4,2,0.7
B,SEM-Flights,23,1,0.32,,1,0,
B,SEM-Flights,34,4,0.12,,3,0,0.16
B,SEM-Flights,30,4,0.09,,1,0,
B,SEM-Hotels,2699,82,31.28,,73,43,22.05
B,SEM-Hotels,545,27,15.45,,30,10,5.59
B,SEM-Hotels,319,22,13.01,,20,6,2.37
B,SEM-Hotels,140,17,9.57,,14,3,1.46
B,SEM-Hotels,337,10,7.56,,12,1,1.28
B,SEM-Hotels,367,16,6.48,,13,6,2.28
B,SEM-Hotels,947,47,6.27,,44,5,2.39
B,SEM-Hotels,81,11,6.26,,9,1,2.15
B,SEM-Hotels,1534,59,6.02,,54,14,6.68
B,SEM-Hotels,1619,56,5.88,,54,6,2.79
B,SEM-Hotels,277,13,5.44,,7,4,2.49
B,SEM-Hotels,162,12,4.98,,11,2,0.72
B,SEM-Hotels,908,33,3.98,,29,7,3.87
B,SEM-Hotels,473,17,3.7,,5,0,10.66
B,SEM-Hotels,943,29,3.67,,27,2,0.89
B,SEM-Hotels,256,5,3.34,,5,3,3.87
B,SEM-Hotels,416,20,2.96,,19,4,1.61
B,SEM-Hotels,379,20,2.64,,21,4,7.25
B,SEM-Hotels,81,6,2.51,,5,1,0.5
B,SEM-Hotels,878,29,2.51,,24,1,0.66
B,SEM-Hotels,97,4,2.16,,4,1,0.36
B,SEM-Hotels,227,7,2.14,,6,0,
B,SEM-Hotels,489,16,1.62,,15,3,0.87
B,SEM-Hotels,81,3,1.45,,2,1,0.72
B,SEM-Hotels,140,2,1.28,,3,16,8.02
B,SEM-Hotels,257,11,0.95,,13,4,1.72
B,SEM-Hotels,334,8,0.7,,9,0,
B,SEM-Hotels,43,1,0.52,,1,0,
B,SEM-Hotels,122,3,0.4,,3,3,1.36
B,SEM-Hotels,4,1,0.29,,1,0,
E,APP-Acquisition-Android,11022585,47877,"1,710","2,180",,7602,346.46
E,APP-Acquisition-Android,2845248,17381,564,870,,2118,145.18
E,APP-Acquisition-iOS,9231299,40191,"3,945","3,768",,1628,358.77
E,APP-Acquisition-iOS,2465942,13154,"2,897","2,743",,1084,254.27
E,Web-Retargeting,4282704,29826,454.59,,23972,167,33.72
E,Web-Retargeting,1109824,12702,217.15,,10447,27,5.46
E,Web-Retargeting,7345,1336,61.32,,72,22,4.51
E,Web-Retargeting,7543,1494,53.04,,31,4,1
E,Web-Retargeting,6752,890,39.16,,16,1,0.41
E,Web-Retargeting,245217,751,31.03,,653,10,4.23
E,Web-Retargeting,3024,633,22.42,,24,3,0.75
E,Web-Retargeting,2644,463,17.32,,13,1,0.62
E,Web-Retargeting,23405,131,5.95,,130,0,0.02
E,Web-Retargeting,413,88,2.27,,1,1,0.45
E,Web-Acquisition,59411,20762,207.72,,224,12,3.26
E,Web-Acquisition,104330,20110,201.34,,257,20,15.55
E,Web-Acquisition,767686,13430,153.95,,4496,32,2.77
E,Web-Acquisition,885085,15025,153.87,,6866,4,1.08
E,Web-Acquisition,225375,3214,108.03,,976,44,39.52
E,Web-Acquisition,196849,2606,102.72,,1716,157,42.43
E,Web-Acquisition,7407,3183,32.46,,10,2,1.44
E,Web-Acquisition,7718,2567,27.1,,21,1,0.4
E,Web-Acquisition,4431,2653,27.02,,26,2,0.94
E,Web-Acquisition,6609,1797,17.97,,29,8,1.54
E,SEM-Brand,15398,4921,411.54,,6407,3957,1714.82
E,SEM-Brand,36672,7761,330.19,,10106,2988,567.72
E,SEM-Brand,18984,4049,232.3,,5002,1340,284.12
E,SEM-Brand,2887,864,115.87,,1585,755,440.63
E,SEM-Flights,14060,1855,1247.33,,2333,748,297.04
E,SEM-Flights,37478,1373,584.21,,1404,398,157.27
E,SEM-Flights,68858,8278,536.93,,9472,2624,473.59
E,SEM-Flights,21597,1736,436.14,,1617,284,107.37
E,SEM-Flights,69112,8660,362.63,,6602,1099,223.69
E,SEM-Flights,6044,979,244.26,,960,176,69.43
E,SEM-Flights,63585,4687,218.12,,4225,636,115.13
E,SEM-Flights,10755,1385,181.97,,1145,239,94.63
E,SEM-Flights,7528,741,137.81,,700,127,59.34
E,SEM-Flights,12169,409,136.14,,470,153,59.98
E,SEM-Flights,35658,3218,125.36,,2987,429,99.06
E,SEM-Flights,42156,2145,101.58,,2005,353,84.95
E,SEM-Flights,16902,1916,73.41,,1636,269,51.97
E,SEM-Flights,4431,487,56.7,,456,49,18.11
E,SEM-Flights,2346,296,55.76,,291,40,16.01
E,SEM-Flights,13524,202,50.22,,207,30,11.13
E,SEM-Flights,11559,224,41.52,,220,31,12.9
E,SEM-Flights,13163,130,40,,123,27,9.82
E,SEM-Flights,6892,152,36.28,,175,90,40.03
E,SEM-Flights,8168,837,30.29,,772,73,13.17
E,SEM-Flights,8759,846,26.28,,744,64,12.44
E,SEM-Flights,12186,133,22.51,,118,57,19.74
E,SEM-Flights,2593,36,10.24,,37,18,8.77
E,SEM-Flights,3872,137,9.24,,144,34,4.95
E,SEM-Flights,2918,199,8.42,,241,63,14.81
E,SEM-Flights,1469,156,7.31,,148,20,3.86
E,SEM-Flights,3576,115,7.14,,104,11,3.04
E,SEM-Flights,3096,73,7.06,,84,27,4.14
E,SEM-Flights,331,34,6.74,,31,3,2.92
E,SEM-Flights,307,44,5.52,,38,8,2.95
E,SEM-Flights,260,29,5.4,,23,5,2.51
E,SEM-Flights,3452,107,5.37,,93,13,3.12
E,SEM-Flights,244,26,5.18,,27,7,2.35
E,SEM-Flights,1202,109,4.94,,77,10,5.64
E,SEM-Flights,1334,25,4.91,,22,3,0.91
E,SEM-Flights,699,19,4.53,,20,1,0.55
E,SEM-Flights,2085,75,4.28,,74,9,1.15
E,SEM-Flights,450,30,4.26,,33,18,5.36
E,SEM-Flights,1656,59,3.83,,51,6,1.01
E,SEM-Flights,599,71,2.82,,82,4,0.45
E,SEM-Flights,1667,9,1.99,,7,0,
E,SEM-Flights,408,6,1.77,,10,1,0.17
E,SEM-Flights,570,28,1.61,,27,10,1.39
E,SEM-Flights,490,10,1.37,,10,2,1.08
E,SEM-Flights,980,23,1.22,,25,4,0.8
E,SEM-Flights,638,12,1.1,,12,1,0.26
E,SEM-Flights,136,4,0.57,,4,0,
E,SEM-Flights,240,9,0.53,,10,0,
E,SEM-Flights,155,15,0.47,,16,0,0.03
E,SEM-Flights,82,9,0.46,,8,0,3.43
E,SEM-Flights,126,7,0.25,,7,1,0.45
E,SEM-Flights,141,5,0.22,,2,0,
E,SEM-Flights,25,2,0.2,,1,0,0.05
E,SEM-Flights,242,4,0.15,,5,0,
E,SEM-Flights,42,1,0.12,,1,0,
E,SEM-Flights,5,1,0.1,,1,0,
E,SEM-Flights,22,1,0.05,,1,0,
E,SEM-Flights,26,1,0.03,,1,0,
E,SEM-Hotels,121676,10441,901.7,,9026,1353,698.01
E,SEM-Hotels,29570,2274,226.76,,411,70,37.47
E,SEM-Hotels,15747,953,196.36,,901,146,74.67
E,SEM-Hotels,29392,2071,170.83,,1836,341,184.98
E,SEM-Hotels,27891,2052,130.96,,1588,187,89.61
E,SEM-Hotels,17105,1053,121.55,,817,167,72.71
E,SEM-Hotels,7995,492,112.02,,460,114,57.46
E,SEM-Hotels,9807,794,92.91,,218,28,13.58
E,SEM-Hotels,13678,1334,89.44,,1066,165,70.81
E,SEM-Hotels,6947,557,51.95,,498,80,50.55
E,SEM-Hotels,10342,697,50.2,,550,52,26.07
E,SEM-Hotels,4058,243,50.1,,78,12,8.47
E,SEM-Hotels,10698,452,49.11,,358,58,24.47
E,SEM-Hotels,5898,370,43.19,,292,38,17.07
E,SEM-Hotels,2490,124,31.13,,60,15,6.67
E,SEM-Hotels,4994,300,29.31,,262,36,25.83
E,SEM-Hotels,5699,421,26.16,,340,28,11.51
E,SEM-Hotels,5439,226,24.25,,179,32,16.4
E,SEM-Hotels,2205,64,21.97,,62,14,6.59
E,SEM-Hotels,4172,205,21.12,,165,16,6.29
E,SEM-Hotels,1548,83,14.55,,89,9,3.92
E,SEM-Hotels,1815,131,12.03,,111,21,11.41
E,SEM-Hotels,789,46,11.62,,47,8,4.11
E,SEM-Hotels,374,29,11.29,,33,25,10.77
E,SEM-Hotels,1717,114,10.53,,86,8,8.73
E,SEM-Hotels,888,49,9.11,,44,5,2.44
E,SEM-Hotels,848,83,9.06,,70,12,8.88
E,SEM-Hotels,969,44,8.26,,37,5,4.13
E,SEM-Hotels,1518,126,8.13,,109,7,3.82
E,SEM-Hotels,268,27,4.85,,20,6,5.94
E,SEM-Hotels,279,16,2.63,,16,0,
E,SEM-Hotels,304,23,2.51,,16,1,0.5
E,SEM-Hotels,161,12,2.43,,11,1,0.5
E,SEM-Hotels,56,7,1.8,,6,1,0.45
E,SEM-Hotels,830,34,1.45,,29,1,0.5
E,SEM-Hotels,205,18,1.24,,14,3,5.04
E,SEM-Hotels,167,11,0.57,,10,0,0.25
E,SEM-Hotels,22,3,0.49,,3,0,0.32
E,SEM-Hotels,40,0,0,,1,0,
I,Web-Retargeting,2559178,51543,3618.85,,,12528,894.08
I,Web-Retargeting,500410,9340,614.89,,,4296,396.79
I,Web-Retargeting,19757,749,244.6,,,150,21.91
I,Web-Retargeting,19797,748,222.68,,,164,31.64
I,Web-Retargeting,1564898,1380,151.64,,889,60,4.7
I,Web-Retargeting,105383,6083,146.8,,3820,23,8.44
I,Web-Retargeting,124371,5701,146.77,,3639,24,8.93
I,Web-Retargeting,80939,5542,146.02,,3291,26,11.77
I,Web-Retargeting,11015,176,7.81,,,48,0.54
I,SEM-Brand,74940,15203,701.03,,19856,7457,726.27
I,SEM-Brand,18405,1907,174.36,,1757,548,79.08
I,SEM-Flights,489301,3173,755.41,,2761,737,73.83
I,SEM-Flights,34527,967,292.32,,953,102,5.68
I,SEM-Flights,24422,1825,292.14,,1685,179,21.33
I,SEM-Flights,25996,1894,291.88,,1785,349,36.26
I,SEM-Flights,29447,1847,291.24,,1802,268,25.26
I,SEM-Flights,31790,957,291,,967,107,5.27
I,SEM-Flights,24231,2140,290.96,,1901,143,12.69
I,SEM-Flights,75536,724,146.48,,680,66,3.02
I,SEM-Flights,11342,766,113.69,,682,136,14.64
I,SEM-Flights,13334,241,78.67,,236,86,8.12
I,SEM-Flights,110937,259,36.57,,236,24,1.44
I,SEM-Flights,7233,86,14.14,,82,2,0.32
I,SEM-Flights,828,43,2.93,,32,0,
I,SEM-Flights,813,25,0.74,,20,1,0.16
I,SEM-Hotels,36701,557,71.77,,521,60,18.6
I,SEM-Hotels,11267,204,42.82,,185,23,6.67
I,SEM-Hotels,2899,124,18.4,,116,8,1.92
I,SEM-Hotels,3516,108,12.33,,96,7,1.22
I,SEM-Hotels,2586,85,12.15,,79,3,1.15
I,SEM-Hotels,1119,75,7.22,,69,3,0.83
I,SEM-Hotels,620,11,1.52,,9,2,0.8
J,APP-Acquisition-Android,4919254,19705,"1,387","1,956",,5080,111.67
J,APP-Acquisition-Android,1518791,7486,466,867,,1265,48.97
J,APP-Acquisition-iOS,5821203,24623,"2,258","2,083",,994,196.3
J,APP-Acquisition-iOS,1006595,4916,"1,131","1,043",,414,70.62
J,Web-Retargeting,891632,4879,105.13,,4138,66,13.54
J,Web-Retargeting,403629,5380,102.36,,4294,14,2.06
J,Web-Retargeting,5618,1237,43.86,,33,8,1.64
J,Web-Retargeting,1736,351,12.87,,12,0,0
J,Web-Retargeting,1614,300,12.23,,9,0,0.08
J,Web-Retargeting,38021,80,4.71,,74,1,0.68
J,Web-Retargeting,131,44,1.01,,1,0,
J,Web-Retargeting,964,4,0.5,,3,0,
J,Web-Acquisition,369379,4172,292.03,,3308,46,14.14
J,Web-Acquisition,741131,9614,240.94,,3394,68,23.63
J,Web-Acquisition,756124,11545,153.74,,5736,6,1.24
J,Web-Acquisition,966928,14809,152.01,,7133,55,11.18
J,Web-Acquisition,22370,8196,84.08,,71,5,1.34
J,Web-Acquisition,32210,5652,58.51,,116,9,1.87
J,Web-Acquisition,1479,928,9.7,,2,0,
J,Web-Acquisition,972,543,5.7,,2,0,0.05
J,Web-Acquisition,333,240,2.4,,4,1,0.5
J,Web-Acquisition,307,77,0.77,,2,0,
J,SEM-Brand,3176,636,180.42,,636,144,38.93
J,SEM-Brand,5588,1886,177.25,,2534,1028,447.4
J,SEM-Brand,14277,3295,166.08,,3879,893,190.35
J,SEM-Brand,323,97,78.17,,275,78,38.39
J,SEM-Flights,1377,580,221.37,,748,212,83.39
J,SEM-Flights,6236,817,195.67,,730,137,80.78
J,SEM-Flights,38076,4938,184.56,,4192,627,133.08
J,SEM-Flights,11068,2174,141.27,,2656,669,130.5
J,SEM-Flights,2783,659,135.15,,607,150,62.96
J,SEM-Flights,10889,605,116.33,,580,63,25.09
J,SEM-Flights,21837,2858,113.35,,2601,320,58.92
J,SEM-Flights,16358,1986,75.01,,1727,239,43.77
J,SEM-Flights,15583,1969,72.53,,1779,264,45.56
J,SEM-Flights,1698,327,63.6,,309,53,23.5
J,SEM-Flights,1986,351,60.51,,367,87,33.03
J,SEM-Flights,3990,121,37.37,,158,28,10.9
J,SEM-Flights,1867,164,35.78,,143,44,21.42
J,SEM-Flights,4293,157,31.75,,170,34,13.37
J,SEM-Flights,5635,589,22.78,,538,88,15.79
J,SEM-Flights,7400,300,14.41,,314,54,11.48
J,SEM-Flights,2224,46,13.36,,88,13,5.28
J,SEM-Flights,4927,228,12.62,,232,49,9
J,SEM-Flights,1033,49,12.57,,44,3,1.23
J,SEM-Flights,557,28,12.27,,33,11,5.25
J,SEM-Flights,5702,32,9.7,,35,9,4.56
J,SEM-Flights,180,35,8.42,,33,5,1.48
J,SEM-Flights,926,32,7.95,,34,9,4.47
J,SEM-Flights,2504,16,5.84,,21,6,2.58
J,SEM-Flights,2773,152,5.1,,122,12,2.51
J,SEM-Flights,901,131,4.74,,107,10,1.74
J,SEM-Flights,900,60,3.64,,57,16,5.27
J,SEM-Flights,107,14,2.76,,13,4,1.81
J,SEM-Flights,1143,45,2.66,,58,12,1.55
J,SEM-Flights,550,33,2.13,,37,8,1.32
J,SEM-Flights,589,15,1.97,,34,11,1.87
J,SEM-Flights,634,31,1.91,,31,15,2.08
J,SEM-Flights,170,13,1.76,,14,0,
J,SEM-Flights,72,7,1.74,,6,0,
J,SEM-Flights,473,58,1.64,,49,9,1.47
J,SEM-Flights,51,3,0.71,,6,1,0.11
J,SEM-Flights,128,5,0.65,,5,1,0.13
J,SEM-Flights,229,20,0.56,,19,0,
J,SEM-Flights,56,11,0.4,,8,2,0.31
J,SEM-Flights,3,1,0.31,,1,0,
J,SEM-Flights,95,7,0.31,,7,1,0.07
J,SEM-Flights,19,3,0.23,,3,1,0.36
J,SEM-Flights,4,1,0.18,,1,3,1.35
J,SEM-Flights,191,1,0.15,,1,0,
J,SEM-Flights,17,5,0.15,,6,0,
J,SEM-Flights,63,1,0.1,,1,1,0.11
J,SEM-Flights,4,1,0.05,,1,0,
J,SEM-Flights,12,2,0.04,,2,0,
J,SEM-Flights,8,0,0,,1,0,
J,SEM-Hotels,7143,452,39.24,,458,57,24.21
J,SEM-Hotels,2948,162,30.68,,146,25,11.47
J,SEM-Hotels,1305,77,22.84,,74,16,7.17
J,SEM-Hotels,4284,210,17.48,,226,44,17.78
J,SEM-Hotels,3993,85,16.07,,76,8,5.46
J,SEM-Hotels,659,47,15.4,,45,15,7.11
J,SEM-Hotels,8713,28,14.34,,27,6,2.51
J,SEM-Hotels,1151,47,12,,42,6,2.93
J,SEM-Hotels,686,44,6.83,,32,6,2.34
J,SEM-Hotels,283,13,5.67,,12,4,1.56
J,SEM-Hotels,2154,44,5.48,,31,4,1.75
J,SEM-Hotels,1769,22,5.31,,36,6,2.68
J,SEM-Hotels,972,60,5.24,,52,13,5.86
J,SEM-Hotels,186,15,4.99,,18,3,3.03
J,SEM-Hotels,1119,18,4.89,,15,3,1.22
J,SEM-Hotels,677,61,4.48,,58,5,2.24
J,SEM-Hotels,1250,53,4.12,,14,2,0.6
J,SEM-Hotels,848,65,3.93,,62,8,3.74
J,SEM-Hotels,217,10,3.47,,8,3,1.72
J,SEM-Hotels,450,13,3.38,,9,4,1.39
J,SEM-Hotels,656,22,2.87,,21,7,4.29
J,SEM-Hotels,688,25,2.73,,21,4,2.04
J,SEM-Hotels,417,32,2.5,,34,2,0.92
J,SEM-Hotels,968,4,1.92,,5,1,0.36
J,SEM-Hotels,350,27,1.91,,23,1,0.5
J,SEM-Hotels,77,3,1.21,,4,0,
J,SEM-Hotels,71,5,1.02,,5,0,
J,SEM-Hotels,65,3,1.02,,3,0,0.03
J,SEM-Hotels,105,5,0.96,,4,3,1.27
J,SEM-Hotels,116,17,0.87,,15,4,2.01
J,SEM-Hotels,1259,2,0.7,,1,0,
J,SEM-Hotels,261,7,0.61,,1,0,
J,SEM-Hotels,13,1,0.4,,1,0,
J,SEM-Hotels,52,2,0.39,,3,0,
J,SEM-Hotels,12,1,0.28,,1,0,
J,SEM-Hotels,76,1,0.22,,1,0,
J,SEM-Hotels,756,5,0.17,,5,0,
J,SEM-Hotels,189,1,0.09,,1,0,
J,SEM-Hotels,17,1,0.08,,1,0,
J,SEM-Hotels,23,1,0.01,,1,0,
K,APP-Acquisition-Android,16505340,82730,"8,943","11,081",,8161,662.56
K,APP-Acquisition-Android,6638604,49786,"5,567","9,832",,6430,988.6
K,APP-Acquisition-iOS,2297150,15407,"3,232","3,823",,1410,530.79
K,APP-Acquisition-iOS,2214248,12805,"2,326","2,043",,845,286.02
K,APP-Acquisition-iOS,1324829,6559,"2,303","1,903",,805,281.1
K,APP-Acquisition-iOS,11170,91,29,22,,8,0.38
K,APP-Acquisition-iOS,6073,15,3,1,,2,
K,Web-Retargeting,366053,7534,225.95,,3526,37,10.58
K,Web-Retargeting,584533,5321,203.7,,4443,138,79.14
K,Web-Retargeting,4964,1308,45.18,,26,0,
K,Web-Retargeting,1656,398,14.52,,9,0,
K,Web-Retargeting,7470,40,6.7,,50,11,7.59
K,Web-Retargeting,570,159,6.33,,14,9,7.76
K,Web-Retargeting,433,206,6.08,,1,0,
K,Web-Retargeting,554,162,4.54,,2,0,
K,Web-Retargeting,671,143,4.1,,5,2,0.34
K,Web-Retargeting,320,57,2.38,,4,0,
K,Web-Retargeting,2939,34,0.96,,2,0,
K,Web-Acquisition,1214647,13441,666.8,,6837,14,5.68
K,Web-Acquisition,1396658,20650,636.27,,8418,53,25.1
K,Web-Acquisition,777219,5008,496.83,,2683,266,126.34
K,Web-Acquisition,61288,15948,359.86,,164,13,5.54
K,Web-Acquisition,39236,10545,244.38,,142,18,21.55
K,Web-Acquisition,511985,4984,208.67,,1942,68,76.71
K,Web-Acquisition,10392,3152,114.9,,35,10,9.57
K,Web-Acquisition,47544,40,72.66,,36,8,4.96
K,Web-Acquisition,1175,590,8.58,,6,0,
K,Web-Acquisition,708,368,7.39,,11,13,9.87
K,Web-Acquisition,678,348,4.35,,9,0,
K,Web-Acquisition,1141716,1396,0.03,,445,0,
K,Web-Acquisition,1075912,716,0,,333,1,0.1
K,Web-Acquisition,671288,1033,0,,513,1,0.1
K,Web-Acquisition,129120,149,0,,57,0,
K,SEM-Brand,85448,20741,878.33,,24150,6525,2044.86
K,SEM-Brand,67153,22421,842.44,,31297,14497,11294.66
K,SEM-Brand,28350,7293,343.13,,8605,2749,847.14
K,SEM-Brand,8885,2932,227.74,,5800,3481,2665.96
K,SEM-Flights,16613,3990,4001.63,,5475,2255,1708.49
K,SEM-Flights,64648,2352,1452.74,,2879,1207,881.27
K,SEM-Flights,57730,9271,1083.93,,10397,3044,991.73
K,SEM-Flights,76948,2225,1015.41,,2316,415,329.61
K,SEM-Flights,278365,7960,957.96,,7468,1092,116.22
K,SEM-Flights,38406,983,667.66,,1143,351,267.64
K,SEM-Flights,29822,1372,600.48,,1493,240,205.31
K,SEM-Flights,17197,763,536.8,,929,314,267.83
K,SEM-Flights,117712,7308,476.7,,7379,1407,572.02
K,SEM-Flights,8149,560,320.05,,576,76,81.76
K,SEM-Flights,8456,579,288.11,,631,87,79.71
K,SEM-Flights,43781,3198,214.3,,3332,635,274.3
K,SEM-Flights,16453,427,205.06,,416,89,74.07
K,SEM-Flights,4766,317,178.42,,338,46,41.43
K,SEM-Flights,86310,2815,145.66,,2185,128,11.96
K,SEM-Flights,47115,2181,145.57,,1667,119,5.05
K,SEM-Flights,65982,800,145.54,,741,89,9.12
K,SEM-Flights,5131,319,144.3,,321,57,60.91
K,SEM-Flights,4236,279,142.43,,283,38,31.98
K,SEM-Flights,17493,623,103.82,,571,48,3.29
K,SEM-Flights,17425,1156,96,,873,46,5.75
K,SEM-Flights,1828,144,82.86,,167,60,42.1
K,SEM-Flights,857,122,80.56,,105,27,20.27
K,SEM-Flights,22800,1534,79.17,,1494,151,54.55
K,SEM-Flights,20383,1420,79.11,,1406,187,78
K,SEM-Flights,7487,470,72.11,,369,81,27.18
K,SEM-Flights,14057,450,69.82,,402,18,1.04
K,SEM-Flights,14640,440,66.46,,425,21,1.47
K,SEM-Flights,13553,422,63.79,,379,34,1.63
K,SEM-Flights,8694,1083,63.26,,941,145,56.46
K,SEM-Flights,23994,1120,62.73,,1259,173,73.7
K,SEM-Flights,2522,155,55.09,,160,17,12.46
K,SEM-Flights,16135,655,54.32,,575,54,5.13
K,SEM-Flights,7754,821,53.04,,770,158,54.07
K,SEM-Flights,12691,345,51.53,,312,13,0.54
K,SEM-Flights,9855,678,51.3,,718,99,30.78
K,SEM-Flights,456,63,47.61,,61,22,14.49
K,SEM-Flights,1143,70,37.44,,69,11,9.39
K,SEM-Flights,6389,235,35.42,,214,9,0.69
K,SEM-Flights,5164,220,34.19,,198,10,0.66
K,SEM-Flights,5661,215,31.88,,200,4,0.12
K,SEM-Flights,6772,458,26.13,,476,88,30.35
K,SEM-Flights,3136,54,25.15,,67,18,15.33
K,SEM-Flights,6116,511,22.48,,521,68,21.74
K,SEM-Flights,14594,146,22.03,,131,17,1.04
K,SEM-Flights,3692,431,21.17,,339,96,27.06
K,SEM-Flights,7948,230,19.72,,381,67,33.28
K,SEM-Flights,4378,252,19.47,,208,13,1.67
K,SEM-Flights,166,27,18.69,,29,11,8.02
K,SEM-Flights,4398,125,18.02,,116,4,0.66
K,SEM-Flights,3205,116,17.79,,109,6,0.23
K,SEM-Flights,4146,119,17.56,,114,3,0.75
K,SEM-Flights,598,49,16.57,,96,2,2.14
K,SEM-Flights,4230,111,16.29,,108,5,0.17
K,SEM-Flights,2866,108,15.41,,92,4,0.58
K,SEM-Flights,1954,92,14.51,,81,5,1.13
K,SEM-Flights,1356,171,14.32,,156,45,18.54
K,SEM-Flights,400,29,14.21,,32,7,5.98
K,SEM-Flights,7406,393,11.69,,275,4,0.7
K,SEM-Flights,3869,73,11.08,,63,2,0.05
K,SEM-Flights,1567,76,11.05,,71,1,0.04
K,SEM-Flights,2206,151,9.67,,137,16,6.58
K,SEM-Flights,1090,113,9.66,,79,1,0.24
K,SEM-Flights,1188,108,9.34,,71,1,
K,SEM-Flights,3236,177,9,,166,29,9.42
K,SEM-Flights,1356,104,8.91,,70,3,0.51
K,SEM-Flights,3105,129,8.68,,150,12,4.57
K,SEM-Flights,1018,49,7.2,,45,2,0.06
K,SEM-Flights,4266,234,6.77,,192,8,1.07
K,SEM-Flights,1256,130,6.58,,132,73,23.89
K,SEM-Flights,1748,124,6.55,,112,27,7.34
K,SEM-Flights,18577,47,6.51,,39,7,0.22
K,SEM-Flights,1353,43,6.3,,43,1,0.04
K,SEM-Flights,65,12,6.09,,12,8,4.77
K,SEM-Flights,3343,200,5.75,,148,2,0.48
K,SEM-Flights,1879,39,5.66,,29,1,0.04
K,SEM-Flights,3147,196,5.43,,140,4,0.09
K,SEM-Flights,711,62,5.19,,52,2,0.48
K,SEM-Flights,20308,31,4.44,,32,1,0.04
K,SEM-Flights,2990,110,4.29,,110,16,4.14
K,SEM-Flights,351,51,4.27,,32,11,0.76
K,SEM-Flights,943,54,4.13,,45,2,0.24
K,SEM-Flights,1033,53,4.07,,37,0,0.19
K,SEM-Flights,1474,110,3.9,,115,3,1.7
K,SEM-Flights,9856,24,3.51,,22,0,
K,SEM-Flights,303,9,3.15,,9,1,0.97
K,SEM-Flights,1834,106,3.1,,81,0,
K,SEM-Flights,589,36,2.93,,32,2,0.48
K,SEM-Flights,2387,100,2.9,,76,2,0.06
K,SEM-Flights,526,32,2.63,,20,3,0.73
K,SEM-Flights,137,16,2.43,,19,19,18.7
K,SEM-Flights,156,4,2.37,,7,3,2.2
K,SEM-Flights,227,28,2.12,,20,0,
K,SEM-Flights,506,14,2.03,,12,1,0.04
K,SEM-Flights,381,26,1.97,,20,1,0.24
K,SEM-Flights,88,5,1.91,,6,0,
K,SEM-Flights,647,24,1.84,,19,0,
K,SEM-Flights,679,13,1.83,,16,3,0.67
K,SEM-Flights,1053,41,1.76,,65,29,8.58
K,SEM-Flights,1182,55,1.6,,38,1,0.26
K,SEM-Flights,976,51,1.46,,44,0,
K,SEM-Flights,775,51,1.4,,38,4,0
K,SEM-Flights,426,41,1.39,,31,7,2.84
K,SEM-Flights,804,50,1.36,,42,2,0.3
K,SEM-Flights,1936,9,1.31,,7,0,
K,SEM-Flights,29,2,1.15,,2,0,
K,SEM-Flights,321,32,0.9,,18,1,0.24
K,SEM-Flights,314,23,0.87,,21,2,0.45
K,SEM-Flights,472,29,0.82,,16,5,1.01
K,SEM-Flights,712,28,0.8,,22,1,0.24
K,SEM-Flights,294,27,0.78,,22,1,0.49
K,SEM-Flights,1013,5,0.74,,5,0,
K,SEM-Flights,73,8,0.47,,6,0,0.23
K,SEM-Flights,100,13,0.38,,10,0,
K,SEM-Flights,189,9,0.37,,7,3,1.21
K,SEM-Flights,192,8,0.21,,6,0,
K,SEM-Flights,35,3,0.2,,3,0,
K,SEM-Flights,106,3,0.09,,2,0,
K,SEM-Flights,27,1,0.08,,,0,1.66
K,SEM-Flights,3,1,0.06,,1,0,
K,SEM-Flights,105,1,0.04,,1,0,
K,SEM-Hotels,27291,1331,220.01,,1373,46,19.68
K,SEM-Hotels,31534,2086,214.45,,2019,216,81.39
K,SEM-Hotels,27789,1833,210.24,,1699,202,86.21
K,SEM-Hotels,14563,1081,149.54,,871,115,41.39
K,SEM-Hotels,7423,726,79.38,,652,36,15.6
K,SEM-Hotels,1789,76,45.07,,74,15,9.59
K,SEM-Hotels,2353,101,30.79,,105,28,15.49
K,SEM-Hotels,1087,36,24.72,,29,13,7.23
K,SEM-Hotels,403,31,20.83,,31,8,5.02
K,SEM-Hotels,6722,341,20.3,,303,4,1.67
K,SEM-Hotels,814,28,19.9,,11,4,2.65
K,SEM-Hotels,1242,33,19.67,,29,17,10.47
K,SEM-Hotels,1774,113,18.68,,106,13,2.85
K,SEM-Hotels,1012,30,18.36,,31,8,6.28
K,SEM-Hotels,2491,107,17.51,,101,9,3.88
K,SEM-Hotels,3404,100,16.3,,91,23,16.26
K,SEM-Hotels,332,11,15.19,,19,8,7.22
K,SEM-Hotels,193,21,13.84,,22,4,2.78
K,SEM-Hotels,2489,113,13.72,,86,13,11.94
K,SEM-Hotels,320,10,13.32,,8,8,6.36
K,SEM-Hotels,3651,30,10.39,,28,7,2.27
K,SEM-Hotels,488,18,10.32,,22,3,2.24
K,SEM-Hotels,766,22,10.11,,20,24,11.8
K,SEM-Hotels,1375,69,9.55,,57,18,55.96
K,SEM-Hotels,947,118,9.18,,114,9,1.16
K,SEM-Hotels,239,13,7.8,,14,5,2.49
K,SEM-Hotels,4125,191,7.58,,174,10,1.4
K,SEM-Hotels,953,46,7.51,,43,3,1.06
K,SEM-Hotels,2210,63,7.47,,64,8,2.26
K,SEM-Hotels,3063,56,7.31,,45,9,12.36
K,SEM-Hotels,717,91,7.13,,95,7,3.15
K,SEM-Hotels,1159,42,7.03,,38,4,1.34
K,SEM-Hotels,963,40,6.76,,36,6,1.83
K,SEM-Hotels,1112,37,6.2,,35,5,0.57
K,SEM-Hotels,1130,59,6.17,,44,9,12.2
K,SEM-Hotels,1137,43,6.09,,31,7,6.42
K,SEM-Hotels,1802,50,5.89,,48,6,2.33
K,SEM-Hotels,2784,148,5.85,,127,11,5.15
K,SEM-Hotels,227,13,5.81,,13,1,0.92
K,SEM-Hotels,2461,34,5.36,,33,3,1.45
K,SEM-Hotels,1160,68,5.24,,71,14,4.53
K,SEM-Hotels,1475,20,4.94,,22,3,0.68
K,SEM-Hotels,255,15,4.8,,16,1,0.28
K,SEM-Hotels,856,41,4.7,,37,5,0.83
K,SEM-Hotels,1661,63,4.7,,56,2,0.23
K,SEM-Hotels,935,26,3.85,,25,2,1
K,SEM-Hotels,644,22,3.7,,23,3,0.36
K,SEM-Hotels,211,6,3.57,,6,3,1.61
K,SEM-Hotels,993,22,3.56,,20,9,3.04
K,SEM-Hotels,926,21,3.55,,19,2,0.7
K,SEM-Hotels,629,22,3.49,,20,4,1.6
K,SEM-Hotels,853,21,3.48,,20,2,0.95
K,SEM-Hotels,154,6,3.46,,3,6,1.75
K,SEM-Hotels,813,42,3.43,,45,9,2.19
K,SEM-Hotels,531,42,3.28,,37,3,1.15
K,SEM-Hotels,2599,81,3.23,,74,2,1
K,SEM-Hotels,775,15,3.16,,15,0,
K,SEM-Hotels,47,5,2.93,,4,0,
K,SEM-Hotels,1018,17,2.87,,16,3,0.53
K,SEM-Hotels,1165,42,2.84,,38,0,
K,SEM-Hotels,842,23,2.71,,21,2,1.25
K,SEM-Hotels,429,24,2.54,,18,4,1.93
K,SEM-Hotels,967,15,2.5,,14,2,0.55
K,SEM-Hotels,1212,62,2.48,,55,1,0.2
K,SEM-Hotels,628,21,2.42,,18,2,0.48
K,SEM-Hotels,1865,59,2.36,,54,0,
K,SEM-Hotels,119,6,2.19,,6,0,
K,SEM-Hotels,604,19,2.19,,17,0,
K,SEM-Hotels,516,18,2.16,,17,0,
K,SEM-Hotels,1723,51,2.04,,43,2,0.53
K,SEM-Hotels,242,12,1.99,,11,1,0.2
K,SEM-Hotels,203,11,1.82,,11,2,0.56
K,SEM-Hotels,582,15,1.78,,12,0,0.01
K,SEM-Hotels,463,15,1.77,,8,2,1.1
K,SEM-Hotels,336,14,1.68,,15,1,0.75
K,SEM-Hotels,5953,10,1.67,,10,3,1.5
K,SEM-Hotels,867,41,1.64,,33,4,0.96
K,SEM-Hotels,329,14,1.63,,14,2,0.53
K,SEM-Hotels,466,9,1.53,,9,0,
K,SEM-Hotels,461,9,1.43,,9,2,0.53
K,SEM-Hotels,526,12,1.38,,11,0,
K,SEM-Hotels,311,19,1.32,,12,0,
K,SEM-Hotels,274,16,1.28,,15,0,
K,SEM-Hotels,603,10,1.18,,11,0,
K,SEM-Hotels,1081,14,1.18,,12,4,1.95
K,SEM-Hotels,253,7,1.14,,6,2,0.8
K,SEM-Hotels,711,10,1.14,,13,3,0.87
K,SEM-Hotels,359,7,1.14,,7,1,0.75
K,SEM-Hotels,1363,28,1.12,,32,2,1
K,SEM-Hotels,341,9,1.07,,9,1,0.03
K,SEM-Hotels,344,9,1.05,,10,2,0.48
K,SEM-Hotels,691,6,1.02,,4,0,
K,SEM-Hotels,136,6,1.02,,3,0,
K,SEM-Hotels,387,6,1.02,,6,1,0.3
K,SEM-Hotels,865,35,1.01,,43,0,
K,SEM-Hotels,304,6,1.01,,6,0,
K,SEM-Hotels,262,6,1.01,,5,0,
K,SEM-Hotels,1038,13,0.99,,12,2,0.95
K,SEM-Hotels,136,6,0.95,,2,0,
K,SEM-Hotels,784,8,0.9,,6,0,
K,SEM-Hotels,492,22,0.88,,16,0,
K,SEM-Hotels,186,5,0.85,,5,3,0.58
K,SEM-Hotels,267,5,0.85,,4,1,0
K,SEM-Hotels,541,7,0.84,,7,0,
K,SEM-Hotels,280,16,0.79,,16,0,
K,SEM-Hotels,272,8,0.79,,7,0,
K,SEM-Hotels,416,7,0.78,,11,3,0.09
K,SEM-Hotels,784,19,0.76,,16,2,0.67
K,SEM-Hotels,963,19,0.75,,16,0,
K,SEM-Hotels,220,6,0.72,,6,0,
K,SEM-Hotels,211,6,0.72,,6,0,
K,SEM-Hotels,263,6,0.71,,7,0,
K,SEM-Hotels,103,6,0.7,,6,2,0.7
K,SEM-Hotels,193,4,0.68,,7,0,
K,SEM-Hotels,180,4,0.68,,3,1,0.5
K,SEM-Hotels,104,4,0.68,,3,0,
K,SEM-Hotels,389,16,0.64,,12,0,
K,SEM-Hotels,265,5,0.6,,6,0,
K,SEM-Hotels,632,15,0.6,,16,3,0.6
K,SEM-Hotels,129,5,0.6,,6,1,0.2
K,SEM-Hotels,286,5,0.58,,5,0,
K,SEM-Hotels,179,3,0.51,,4,0,
K,SEM-Hotels,172,3,0.51,,3,0,
K,SEM-Hotels,140,3,0.51,,3,1,0.5
K,SEM-Hotels,462,3,0.51,,3,2,0.8
K,SEM-Hotels,94,3,0.51,,3,0,
K,SEM-Hotels,254,3,0.5,,2,0,
K,SEM-Hotels,154,4,0.48,,3,0,
K,SEM-Hotels,141,4,0.48,,6,1,0
K,SEM-Hotels,41,2,0.47,,2,0,
K,SEM-Hotels,213,4,0.47,,5,0,
K,SEM-Hotels,299,4,0.47,,4,1,0.5
K,SEM-Hotels,631,3,0.46,,3,0,
K,SEM-Hotels,449,11,0.43,,10,0,
K,SEM-Hotels,274,10,0.4,,9,0,
K,SEM-Hotels,128,3,0.4,,3,0,
K,SEM-Hotels,327,10,0.4,,9,0,
K,SEM-Hotels,227,3,0.36,,4,0,
K,SEM-Hotels,141,3,0.36,,3,0,
K,SEM-Hotels,147,2,0.33,,2,0,
K,SEM-Hotels,140,5,0.33,,7,0,
K,SEM-Hotels,169,2,0.3,,2,0,
K,SEM-Hotels,310,7,0.28,,7,0,
K,SEM-Hotels,204,3,0.26,,3,0,
K,SEM-Hotels,252,2,0.24,,2,0,
K,SEM-Hotels,194,6,0.24,,7,1,0.5
K,SEM-Hotels,159,2,0.23,,3,1,0
K,SEM-Hotels,85,2,0.22,,2,0,
K,SEM-Hotels,181,3,0.22,,3,0,
K,SEM-Hotels,262,2,0.21,,2,0,
K,SEM-Hotels,275,5,0.2,,3,0,
K,SEM-Hotels,81,5,0.2,,4,0,
K,SEM-Hotels,167,5,0.19,,5,0,
K,SEM-Hotels,130,5,0.17,,4,0,
K,SEM-Hotels,58,1,0.17,,1,0,
K,SEM-Hotels,14,1,0.17,,1,0,
K,SEM-Hotels,67,1,0.17,,1,0,
K,SEM-Hotels,262,4,0.16,,3,0,
K,SEM-Hotels,253,4,0.16,,4,1,0.02
K,SEM-Hotels,86,2,0.16,,2,0,
K,SEM-Hotels,223,7,0.14,,5,0,
K,SEM-Hotels,73,3,0.12,,2,1,0.45
K,SEM-Hotels,151,1,0.12,,1,0,
K,SEM-Hotels,277,3,0.12,,2,0,
K,SEM-Hotels,44,1,0.12,,1,0,
K,SEM-Hotels,87,3,0.12,,3,0,
K,SEM-Hotels,61,3,0.12,,3,0,
K,SEM-Hotels,234,1,0.11,,1,0,
K,SEM-Hotels,182,5,0.1,,4,0,
K,SEM-Hotels,54,1,0.1,,1,0,
K,SEM-Hotels,103,5,0.1,,5,1,0.2
K,SEM-Hotels,161,4,0.08,,2,1,0.5
K,SEM-Hotels,86,2,0.08,,2,0,
K,SEM-Hotels,135,2,0.08,,2,1,0.45
K,SEM-Hotels,13,1,0.08,,1,0,
K,SEM-Hotels,182,3,0.06,,3,0,
K,SEM-Hotels,29,1,0.06,,1,0,
K,SEM-Hotels,3,2,0.04,,1,0,
K,SEM-Hotels,52,1,0.04,,1,1,0.05
K,SEM-Hotels,53,2,0.04,,2,0,
K,SEM-Hotels,11,1,0.04,,1,1,0.45
K,SEM-Hotels,17,1,0.02,,1,0,
K,SEM-Hotels,67,0,0,,1,0,
K,SEM-Hotels,39,0,0,,2,0,
K,SEM-Hotels,156,0,0,,1,0,
K,SEM-Hotels,46,0,0,,1,0,
O,APP-Acquisition-Android,2827756,10168,"1,416","2,294",,2981,179.78
O,APP-Acquisition-Android,1280886,11568,"1,220","1,782",,3181,248.24
O,APP-Acquisition-iOS,2174956,10548,"2,955","2,803",,1104,324.43
O,APP-Acquisition-iOS,488086,3086,"1,176","1,243",,315,82.42
O,Web-Retargeting,509571,4323,144.76,,3136,89,15.57
O,Web-Retargeting,121921,1886,53.56,,978,12,2.2
O,Web-Retargeting,5954,1517,51.5,,15,2,0.29
O,Web-Retargeting,1874,459,17.07,,19,38,10.51
O,Web-Retargeting,1259,335,11.33,,1,3,1.37
O,Web-Retargeting,631,158,5.77,,8,3,0.97
O,Web-Retargeting,312,72,2.69,,1,1,0.17
O,Web-Retargeting,363,88,2.26,,1,1,0.15
O,Web-Retargeting,3925,30,1.59,,17,0,
O,Web-Acquisition,622720,5953,249.78,,2482,455,442.58
O,Web-Acquisition,763321,12577,185.63,,4638,6,1.51
O,Web-Acquisition,35149,17577,179.07,,79,10,2.56
O,Web-Acquisition,755476,11552,151,,4014,15,1.49
O,Web-Acquisition,185924,1595,149.4,,830,259,195.87
O,Web-Acquisition,18125,4996,51.71,,103,11,6.86
O,Web-Acquisition,3045,2392,24.98,,6,0,0.3
O,Web-Acquisition,1251,824,8.51,,6,1,0.46
O,Web-Acquisition,408,276,3.09,,2,0,
O,Web-Acquisition,333,137,1.37,,7,0,3.65
O,Web-Acquisition,798904,1155,0,,496,6,1.28
O,Web-Acquisition,853408,1514,0,,713,0,0.2
O,SEM-Brand,14562,4904,361.2,,6669,2034,925.55
O,SEM-Brand,30083,7208,294.15,,9116,1738,372.76
O,SEM-Brand,8074,1918,67.89,,2218,464,107.26
O,SEM-Brand,957,344,23.69,,554,155,72.78
O,SEM-Flights,6329,1785,580.34,,2003,449,209.38
O,SEM-Flights,21731,1777,278.18,,1599,281,122.2
O,SEM-Flights,32805,6753,257.13,,7757,1281,225.79
O,SEM-Flights,20471,784,222.59,,803,108,64.41
O,SEM-Flights,30640,5679,197.69,,5072,870,145.9
O,SEM-Flights,53195,1471,197.37,,1366,162,66.9
O,SEM-Flights,30377,3841,143.2,,3604,536,89.07
O,SEM-Flights,3287,661,140.81,,627,149,67.96
O,SEM-Flights,51615,4506,135.01,,4079,747,113.12
O,SEM-Flights,4125,517,110.34,,508,90,36.15
O,SEM-Flights,13593,1296,89.33,,947,166,42.62
O,SEM-Flights,30322,1904,81.95,,1736,207,42.79
O,SEM-Flights,14450,513,80.66,,523,63,26.99
O,SEM-Flights,30004,205,54.37,,166,28,11.51
O,SEM-Flights,1468,229,50.64,,209,42,16.54
O,SEM-Flights,5769,170,45.7,,211,59,40.98
O,SEM-Flights,6355,170,45.49,,167,25,9.13
O,SEM-Flights,5290,129,40.65,,186,31,11.16
O,SEM-Flights,3670,133,39.59,,130,19,8.18
O,SEM-Flights,7012,1057,34.92,,798,138,40.61
O,SEM-Flights,3127,117,30.5,,111,9,3.42
O,SEM-Flights,15598,545,23.89,,533,91,15.63
O,SEM-Flights,4794,685,22.75,,580,56,10.57
O,SEM-Flights,1037,108,21.36,,96,20,9.6
O,SEM-Flights,437,79,19.15,,70,16,7.43
O,SEM-Flights,5659,186,14.49,,308,50,9.66
O,SEM-Flights,8047,369,13.58,,379,61,9.8
O,SEM-Flights,1980,36,10.26,,37,7,4
O,SEM-Flights,5898,270,10.25,,260,32,5.69
O,SEM-Flights,2046,264,6.02,,230,64,9.8
O,SEM-Flights,2832,126,5.85,,111,9,1.24
O,SEM-Flights,2986,125,5.3,,115,24,4.08
O,SEM-Flights,78,11,4.09,,9,2,0.34
O,SEM-Flights,117,11,2.68,,13,3,0.96
O,SEM-Flights,708,106,2.28,,103,25,3.58
O,SEM-Flights,533,64,1.84,,50,2,0.4
O,SEM-Flights,36,5,1.81,,5,0,
O,SEM-Flights,439,72,1.74,,60,10,1.39
O,SEM-Flights,151,7,1.48,,6,0,
O,SEM-Flights,462,12,1.47,,11,0,
O,SEM-Flights,945,59,1.33,,50,1,0.18
O,SEM-Flights,18,4,0.94,,7,2,0.6
O,SEM-Flights,645,22,0.81,,24,4,0.63
O,SEM-Flights,135,14,0.36,,13,0,
O,SEM-Flights,359,9,0.35,,6,3,0.45
O,SEM-Flights,41,1,0.16,,1,0,
O,SEM-Flights,42,6,0.16,,2,0,0.09
O,SEM-Flights,56,4,0.16,,4,5,1.05
O,SEM-Flights,119,5,0.15,,5,0,
O,SEM-Flights,14,2,0.1,,2,0,
O,SEM-Flights,72,1,0.04,,1,0,
O,SEM-Flights,14,1,0.03,,1,0,
O,SEM-Hotels,13262,747,80.75,,664,88,40.06
O,SEM-Hotels,10260,662,53.51,,609,70,38.51
O,SEM-Hotels,6733,431,41.15,,388,32,16.22
O,SEM-Hotels,4046,282,39.98,,269,38,19.6
O,SEM-Hotels,2095,89,37.93,,72,24,11.28
O,SEM-Hotels,3121,126,29,,119,16,7.99
O,SEM-Hotels,4099,233,19.29,,205,13,6.04
O,SEM-Hotels,375,33,17.07,,28,15,7.02
O,SEM-Hotels,2960,156,15.65,,139,12,4.13
O,SEM-Hotels,735,51,15.24,,42,6,3.85
O,SEM-Hotels,972,35,14,,32,18,8.44
O,SEM-Hotels,3998,159,13.34,,139,17,5.22
O,SEM-Hotels,642,38,12.81,,8,1,0.38
O,SEM-Hotels,719,37,12.65,,34,2,0.74
O,SEM-Hotels,1016,45,12.32,,33,10,5.11
O,SEM-Hotels,3214,141,11.98,,130,15,7.06
O,SEM-Hotels,799,41,11.79,,32,7,3.44
O,SEM-Hotels,2639,153,11.57,,22,7,2.66
O,SEM-Hotels,360,19,8.06,,17,3,1.8
O,SEM-Hotels,890,28,8.01,,25,6,2.56
O,SEM-Hotels,2173,116,7.74,,107,15,6.75
O,SEM-Hotels,612,13,6.62,,9,4,2.19
O,SEM-Hotels,375,20,6.58,,3,0,
O,SEM-Hotels,1385,68,6.26,,8,0,0.35
O,SEM-Hotels,194,15,4.38,,14,3,1.64
O,SEM-Hotels,74,9,4.29,,8,2,0.96
O,SEM-Hotels,665,36,4.27,,33,9,3.38
O,SEM-Hotels,361,12,4.12,,11,2,1.12
O,SEM-Hotels,1155,43,3.15,,39,3,0.84
O,SEM-Hotels,236,7,2.75,,8,2,1.72
O,SEM-Hotels,626,37,2.42,,38,8,3.49
O,SEM-Hotels,219,16,0.46,,13,1,0.5
O,SEM-Hotels,16,2,0.41,,1,0,
O,SEM-Hotels,67,7,0.2,,4,1,0.5
O,SEM-Hotels,67,3,0.13,,2,0,
O,SEM-Hotels,6,2,0.13,,1,0,
Q,APP-Acquisition-Android,2148792,8531,"1,463","1,887",,1957,175.89
Q,APP-Acquisition-Android,1404390,11617,"1,303","1,093",,1235,136.87
Q,APP-Acquisition-iOS,744400,3875,"1,200","1,493",,417,135.46
Q,APP-Acquisition-iOS,349089,2337,966,832,,318,118.58
Q,Web-Retargeting,463093,6801,153.82,,4638,15,4.77
Q,Web-Retargeting,19136,4246,144.02,,62,7,2.83
Q,Web-Retargeting,211695,3230,107.58,,2605,32,8.96
Q,Web-Retargeting,4472,1077,38.74,,4,0,
Q,Web-Retargeting,3207,642,26.35,,21,4,0.84
Q,Web-Retargeting,1091,334,14.02,,6,2,1.37
Q,Web-Retargeting,757,266,9.97,,5,1,1.19
Q,Web-Retargeting,770,245,8.65,,6,0,
Q,Web-Retargeting,10906,29,3.88,,30,7,9.06
Q,Web-Retargeting,463,130,3.61,,9,1,0.24
Q,Web-Retargeting,505,0,0,,2,0,
Q,Web-Acquisition,39160,19522,195.33,,100,8,2.39
Q,Web-Acquisition,210231,1102,128.9,,767,39,16.41
Q,Web-Acquisition,424874,7276,102.25,,2505,6,1.86
Q,Web-Acquisition,45694,220,30.07,,87,5,8.27
Q,Web-Acquisition,3909,2598,26.07,,7,0,
Q,Web-Acquisition,121859,2203,22.59,,1317,0,
Q,Web-Acquisition,5615,1854,19.32,,31,1,0.32
Q,Web-Acquisition,821,611,6.14,,4,0,
Q,Web-Acquisition,517,400,4.6,,1,0,
Q,Web-Acquisition,319,244,2.69,,2,0,
Q,Web-Acquisition,120,77,0.77,,2,0,
Q,Web-Acquisition,702808,920,0,,476,0,
Q,Web-Acquisition,734960,898,0,,452,0,
Q,SEM-Brand,16867,6039,321.58,,8969,3667,2738.38
Q,SEM-Brand,19848,4883,191.47,,6505,1580,510.91
Q,SEM-Brand,4609,1230,61.66,,1755,446,128.84
Q,SEM-Brand,1579,602,33.22,,1515,567,378.11
Q,SEM-Flights,5762,1671,981.94,,2220,637,460.07
Q,SEM-Flights,15376,1134,406.92,,1244,274,201.78
Q,SEM-Flights,18253,3872,293.8,,4472,1074,311.44
Q,SEM-Flights,37293,1335,270.31,,1325,132,99.24
Q,SEM-Flights,5628,566,231.26,,683,176,118.56
Q,SEM-Flights,21328,1978,108.38,,1878,378,105.73
Q,SEM-Flights,12014,515,94.91,,557,72,44.4
Q,SEM-Flights,6798,236,88.71,,255,91,66.21
Q,SEM-Flights,9986,1184,68.55,,1221,230,66.16
Q,SEM-Flights,2344,180,61.98,,171,44,30.07
Q,SEM-Flights,6130,168,60.84,,270,91,71.95
Q,SEM-Flights,1444,119,50.09,,111,22,16
Q,SEM-Flights,7029,761,41.43,,558,103,33.17
Q,SEM-Flights,12680,684,36.25,,728,70,17.63
Q,SEM-Flights,8811,559,27.9,,567,46,12.7
Q,SEM-Flights,12787,111,27.35,,101,20,13.6
Q,SEM-Flights,3795,494,26.23,,469,86,27.65
Q,SEM-Flights,1050,61,21.44,,52,19,14
Q,SEM-Flights,20389,69,19.55,,63,6,5.53
Q,SEM-Flights,2055,233,16.24,,204,25,7.3
Q,SEM-Flights,2347,190,9.93,,118,20,6.78
Q,SEM-Flights,1865,42,9.21,,36,6,6.34
Q,SEM-Flights,1062,131,8.55,,103,22,4.9
Q,SEM-Flights,3741,64,5.21,,195,31,9.25
Q,SEM-Flights,436,13,4.89,,19,0,0.51
Q,SEM-Flights,79,17,4.7,,17,6,5.03
Q,SEM-Flights,2430,85,3.08,,85,8,1.98
Q,SEM-Flights,1201,57,2.91,,70,5,1.79
Q,SEM-Flights,5384,8,2.54,,4,0,0.27
Q,SEM-Flights,893,27,1.87,,19,4,2.47
Q,SEM-Flights,145,19,0.81,,19,1,0.39
Q,SEM-Flights,117,3,0.58,,3,0,
Q,SEM-Flights,50,10,0.25,,8,0,0.01
Q,SEM-Flights,33,5,0.19,,5,0,
Q,SEM-Flights,152,5,0.19,,6,0,
Q,SEM-Flights,36,1,0.18,,1,0,
Q,SEM-Flights,84,5,0.13,,2,3,0.66
Q,SEM-Flights,10,1,0.1,,1,0,
Q,SEM-Flights,84,3,0.08,,2,0,
Q,SEM-Flights,119,4,0.08,,6,0,
Q,SEM-Flights,24,1,0.03,,1,0,
Q,SEM-Flights,20,1,0.03,,1,0,
Q,SEM-Flights,30,1,0.02,,1,0,
Q,SEM-Flights,5,1,0.02,,1,0,
Q,SEM-Flights,2,1,0.02,,1,0,
Q,SEM-Hotels,4800,113,44.83,,101,27,19.38
Q,SEM-Hotels,273,20,11.02,,15,0,0.3
Q,SEM-Hotels,458,14,8.65,,11,6,5.06
Q,SEM-Hotels,1162,53,8.38,,55,9,5.16
Q,SEM-Hotels,128,10,5.31,,8,2,1.55
Q,SEM-Hotels,334,9,4.85,,7,2,0.55
Q,SEM-Hotels,149,7,4.58,,7,1,0.75
Q,SEM-Hotels,206,9,4.52,,8,0,
Q,SEM-Hotels,38,4,3.22,,4,3,1.28
Q,SEM-Hotels,245,8,3.08,,7,2,0.51
Q,SEM-Hotels,329,18,2.34,,18,4,2.1
Q,SEM-Hotels,497,24,2.29,,23,3,1.53
Q,SEM-Hotels,115,3,2.19,,5,0,
Q,SEM-Hotels,79,6,2.08,,7,2,1.11
Q,SEM-Hotels,83,4,1.97,,4,0,
Q,SEM-Hotels,272,20,1.61,,8,0,
Q,SEM-Hotels,109,3,1.61,,2,2,3
Q,SEM-Hotels,110,4,1.08,,4,0,0.06
Q,SEM-Hotels,56,3,1.03,,2,1,0.65
Q,SEM-Hotels,124,6,0.99,,5,0,
Q,SEM-Hotels,72,3,0.87,,2,0,
Q,SEM-Hotels,158,6,0.76,,3,0,
Q,SEM-Hotels,307,7,0.76,,6,1,0.16
Q,SEM-Hotels,2,1,0.61,,1,0,
Q,SEM-Hotels,141,2,0.29,,2,0,
Q,SEM-Hotels,37,1,0.23,,1,0,
Q,SEM-Hotels,98,2,0.18,,2,0,
Q,SEM-Hotels,40,3,0.11,,3,0,
Q,SEM-Hotels,35,1,0.09,,1,0,
Q,SEM-Hotels,90,1,0.06,,1,0,
S,APP-Acquisition-Android,13705428,84445,"16,988","12,093",,21759,3179.37
S,APP-Acquisition-Android,19702560,60338,"12,334","10,323",,15603,1428.79
S,APP-Acquisition-iOS,568340,20205,"15,387","14,320",,6408,3399.97
S,APP-Acquisition-iOS,1590397,13195,"5,297","4,092",,3058,1543.59
S,APP-Acquisition-iOS,973263,9851,"2,664","2,165",,1566,714.31
S,Web-Retargeting,1682223,5016,1271.04,,4305,938,908.63
S,Web-Retargeting,1442038,3190,1234.55,,2597,400,357.22
S,Web-Retargeting,1936490,2520,1037.43,,2468,354,312.88
S,Web-Retargeting,1056406,1989,927.09,,1853,508,475.46
S,Web-Retargeting,560653,1421,800.93,,1330,553,521.39
S,Web-Retargeting,1119054,2561,628.99,,1491,343,243.64
S,Web-Retargeting,1071475,1514,450.27,,1093,227,213.52
S,Web-Retargeting,622707,1284,360.53,,904,353,288.51
S,Web-Retargeting,304095,4106,322.72,,2447,379,169.58
S,Web-Retargeting,505997,6277,318.4,,2800,308,230.75
S,Web-Retargeting,752464,1194,285.99,,769,109,83.62
S,Web-Retargeting,12064,1756,222.86,,47,22,17.11
S,Web-Retargeting,8112,1288,214.35,,91,22,25.9
S,Web-Retargeting,207174,2579,171.15,,1170,271,144.6
S,Web-Retargeting,307113,4389,154.54,,2129,189,167.55
S,Web-Retargeting,269390,2400,124.35,,1320,122,73.6
S,Web-Retargeting,123429,2140,86.78,,1845,176,73.8
S,Web-Retargeting,260985,1234,76.51,,1293,77,40.59
S,Web-Retargeting,5790,1061,60.67,,53,6,3.6
S,Web-Retargeting,4561,781,41.68,,53,17,6.64
S,Web-Retargeting,94515,951,37.27,,548,101,81.33
S,Web-Retargeting,4808,916,35.43,,28,3,2.69
S,Web-Retargeting,18947,238,5.19,,179,5,2.67
S,Web-Retargeting,143,117,1.17,,3,1,0.57
S,Web-Retargeting,416,46,1.05,,3,0,
S,Web-Retargeting,67,49,0.49,,3,0,0.04
S,Web-Acquisition,1750708,10532,1477.64,,4910,1175,1052.9
S,Web-Acquisition,1354075,23279,564.25,,6211,67,9.29
S,Web-Acquisition,713839,13485,367.79,,4648,111,52.97
S,Web-Acquisition,157268,192,303.99,,113,23,24.37
S,Web-Acquisition,116186,2602,239.06,,1184,169,155.6
S,Web-Acquisition,11063,1523,142.92,,56,15,14.37
S,Web-Acquisition,279101,2126,125.8,,1025,83,62.02
S,Web-Acquisition,8163,2370,60.32,,17,10,8.97
S,Web-Acquisition,27167,4290,55.53,,53,10,12.21
S,Web-Acquisition,4176,958,37.12,,22,6,3.92
S,Web-Acquisition,37675,443,36.23,,93,29,16.77
S,Web-Acquisition,1057,117,5.99,,9,3,2.81
S,Web-Acquisition,160,18,0.76,,3,0,
S,Web-Acquisition,99,18,0.74,,5,0,0.5
S,Web-Acquisition,178,28,0.38,,3,0,0.7
S,Web-Acquisition,220,7,0.23,,1,9,2.26
S,Web-Acquisition,403176,556,0,,159,0,
S,Web-Acquisition,870816,804,0,,298,0,
S,Web-Acquisition,641724,793,0,,339,0,1.07
S,Web-Acquisition,1721580,2053,0,,591,2,0.39
S,SEM-Brand,263503,61580,12651.71,,72283,23788,9003.79
S,SEM-Brand,254164,74413,7424.72,,103103,65847,65724.35
S,SEM-Brand,124620,31220,4739.23,,36718,13047,5077.09
S,SEM-Brand,54233,19781,3478.35,,35453,23712,23522.12
S,SEM-Flights,409226,14101,9784.26,,13967,4108,3722.14
S,SEM-Flights,43785,6036,7631.61,,7624,4489,4272.95
S,SEM-Flights,33777,4469,5634.1,,5565,3127,3074.4
S,SEM-Flights,159251,6761,3612.38,,7128,1715,1595.55
S,SEM-Flights,21729,2962,3571.7,,3790,2152,2049.49
S,SEM-Flights,70480,2689,3013.48,,2929,1053,996.26
S,SEM-Flights,50135,2779,2983.84,,3251,760,735.93
S,SEM-Flights,193988,4644,2714.23,,4669,1443,1431.55
S,SEM-Flights,147661,4345,2506.75,,4343,1134,1130.02
S,SEM-Flights,64846,2401,2052.15,,2682,762,737.3
S,SEM-Flights,58098,2426,1906.61,,2448,1113,1013.89
S,SEM-Flights,20176,3050,1813.91,,3545,1437,1402.79
S,SEM-Flights,8796,1803,1556.28,,1918,804,843.19
S,SEM-Flights,36582,1362,1385.47,,1527,639,620.37
S,SEM-Flights,15146,2153,1316.36,,2309,1190,1191.92
S,SEM-Flights,116843,9865,1303.07,,10792,3897,1436.08
S,SEM-Flights,98514,2011,1298.48,,2306,592,565.89
S,SEM-Flights,33573,1760,1195.65,,1886,356,328.5
S,SEM-Flights,43884,1448,1130.3,,1637,653,582.75
S,SEM-Flights,18533,1271,1017.98,,1228,522,473.75
S,SEM-Flights,11157,1672,991.93,,1984,758,668.38
S,SEM-Flights,29500,1203,916.38,,1222,667,615.36
S,SEM-Flights,20639,1083,767.74,,1104,312,270.23
S,SEM-Flights,13888,824,739.57,,824,444,487.73
S,SEM-Flights,62292,4973,689,,6071,2112,836.02
S,SEM-Flights,178417,11150,629.69,,10638,1786,598.1
S,SEM-Flights,30672,926,626.75,,1071,310,322.32
S,SEM-Flights,51670,4275,603.37,,4397,1639,639.12
S,SEM-Flights,4256,484,543.6,,578,244,246.64
S,SEM-Flights,9154,635,531.38,,671,266,243.53
S,SEM-Flights,3107,769,526.11,,819,257,227.25
S,SEM-Flights,75898,7660,516.14,,7168,1653,608.84
S,SEM-Flights,130095,10131,513.34,,9749,2096,912.59
S,SEM-Flights,196020,7354,510.76,,6857,1312,617.02
S,SEM-Flights,65524,1515,502.76,,1465,236,220.79
S,SEM-Flights,9090,597,475.18,,626,280,269.16
S,SEM-Flights,55826,3592,390.69,,3476,824,458.77
S,SEM-Flights,19181,974,335.66,,924,164,128.1
S,SEM-Flights,121856,3743,293.54,,,12,
S,SEM-Flights,92903,2807,292.16,,2675,201,47.43
S,SEM-Flights,85500,4929,289.61,,5147,758,373.82
S,SEM-Flights,1746,411,288.94,,495,168,168.34
S,SEM-Flights,31179,3477,282.5,,2930,731,289.17
S,SEM-Flights,3352,492,277.63,,651,305,217.97
S,SEM-Flights,30811,592,240.42,,547,198,178.11
S,SEM-Flights,71647,4686,229.36,,4502,631,361.36
S,SEM-Flights,19311,640,224.43,,637,124,114.98
S,SEM-Flights,163302,5857,208.82,,6459,854,127.04
S,SEM-Flights,70164,1312,208.6,,1325,308,107.21
S,SEM-Flights,11124,385,194.55,,487,188,181.12
S,SEM-Flights,57010,3342,167.76,,3019,397,132.09
S,SEM-Flights,42258,2237,167.43,,2203,459,172.02
S,SEM-Flights,42501,2502,162.34,,2561,406,146.68
S,SEM-Flights,14497,1419,150.74,,1335,507,187.83
S,SEM-Flights,32242,6077,149.05,,5134,522,96.95
S,SEM-Flights,1473,183,147.41,,198,76,69.57
S,SEM-Flights,19597,2613,147.33,,2447,545,213.06
S,SEM-Flights,25618,2442,146.79,,2260,515,193.31
S,SEM-Flights,30630,1386,146.62,,,3,0.4
S,SEM-Flights,50266,3701,146.29,,,3,0.07
S,SEM-Flights,52044,3246,146.01,,3122,194,24.79
S,SEM-Flights,18494,1453,135.54,,1389,315,145
S,SEM-Flights,32274,1171,123.35,,1273,337,151.78
S,SEM-Flights,72312,813,122.04,,826,67,23.97
S,SEM-Flights,1058,184,116.08,,198,41,35.8
S,SEM-Flights,19027,1073,111,,1094,271,152.3
S,SEM-Flights,20596,1456,103.56,,1410,301,166.22
S,SEM-Flights,13330,1458,103.05,,1408,333,161.64
S,SEM-Flights,18338,1312,101.46,,1441,310,111.94
S,SEM-Flights,18530,1528,100.04,,1516,372,135.62
S,SEM-Flights,4166,387,99.96,,369,94,90.68
S,SEM-Flights,921,114,94.15,,168,54,55.68
S,SEM-Flights,17055,961,93.86,,1015,235,128.88
S,SEM-Flights,567,113,92.63,,118,36,29.87
S,SEM-Flights,19568,708,84.42,,791,175,55.63
S,SEM-Flights,24482,1326,83.62,,1152,177,75.91
S,SEM-Flights,24392,1409,83.26,,1204,255,96.89
S,SEM-Flights,20072,164,83.09,,184,71,57.49
S,SEM-Flights,30085,1376,77.34,,1336,214,91.5
S,SEM-Flights,6759,992,74.98,,860,221,99.23
S,SEM-Flights,25706,1947,74.39,,1781,290,74.42
S,SEM-Flights,5342,745,62.82,,613,150,71.35
S,SEM-Flights,11504,776,61.66,,778,178,82.2
S,SEM-Flights,1121,195,57.17,,193,51,48.17
S,SEM-Flights,41869,65,56.64,,109,25,20.82
S,SEM-Flights,7769,728,54.71,,759,163,79.44
S,SEM-Flights,8196,640,49.88,,594,139,85.88
S,SEM-Flights,15609,722,49.11,,720,98,33.39
S,SEM-Flights,11878,419,47.79,,515,122,39.84
S,SEM-Flights,8891,546,42.1,,540,104,50.66
S,SEM-Flights,14307,155,41.57,,155,32,12.59
S,SEM-Flights,19378,525,38.78,,548,42,3.65
S,SEM-Flights,719,140,36.9,,110,22,21.62
S,SEM-Flights,355,38,33.51,,49,12,13.91
S,SEM-Flights,125317,266,30.87,,257,22,6.67
S,SEM-Flights,9799,456,30.85,,482,120,43.51
S,SEM-Flights,646,125,30.36,,120,29,27.59
S,SEM-Flights,5129,188,27.76,,206,15,4.87
S,SEM-Flights,11762,590,26.92,,572,81,7.77
S,SEM-Flights,7816,310,26.72,,302,58,19.2
S,SEM-Flights,12023,519,26.45,,472,39,7.41
S,SEM-Flights,113,24,21.62,,26,17,21.14
S,SEM-Flights,2801,270,21.48,,232,79,38.13
S,SEM-Flights,3025,238,14.96,,203,52,16.55
S,SEM-Flights,1154,42,14.06,,38,4,3.55
S,SEM-Flights,2376,300,11.53,,280,66,17.69
S,SEM-Flights,1233,39,11.3,,35,9,6.35
S,SEM-Flights,949,201,10.95,,180,14,7.67
S,SEM-Flights,5016,287,10.43,,276,14,9.86
S,SEM-Flights,2172,160,10.29,,159,18,7.21
S,SEM-Flights,16189,365,8.86,,393,43,5.03
S,SEM-Flights,10441,80,7.28,,89,8,1.95
S,SEM-Flights,764,19,6.06,,23,2,0.92
S,SEM-Flights,13110,139,5.24,,142,30,4.65
S,SEM-Flights,467,66,3.99,,54,22,7.9
S,SEM-Flights,709,58,3.91,,50,7,4.45
S,SEM-Flights,23,5,3.57,,1,1,0.79
S,SEM-Flights,3246,121,3.48,,105,5,0.71
S,SEM-Flights,1382,36,2.58,,26,1,0.31
S,SEM-Flights,1172,48,2.12,,42,8,5.57
S,SEM-Flights,131,16,1.88,,16,4,2.23
S,SEM-Flights,989,149,1.49,,117,7,0.82
S,SEM-Flights,1567,58,0.84,,67,6,0.77
S,SEM-Flights,599,24,0.82,,18,1,0.23
S,SEM-Flights,237,15,0.78,,12,2,0.32
S,SEM-Flights,153,35,0.68,,37,3,0.43
S,SEM-Flights,247,1,0.58,,1,0,
S,SEM-Flights,688,13,0.38,,14,0,
S,SEM-Flights,322,3,0.24,,1,0,
S,SEM-Flights,658,3,0.22,,2,0,
S,SEM-Flights,17,2,0.16,,2,0,
S,SEM-Flights,25,1,0.14,,1,0,
S,SEM-Hotels,336786,21751,2673.97,,19355,3412,2707.01
S,SEM-Hotels,68688,3366,1504.84,,2830,883,671.9
S,SEM-Hotels,81022,5706,879.32,,4512,1095,897.82
S,SEM-Hotels,15919,780,641.23,,763,293,242.08
S,SEM-Hotels,15194,641,260.28,,505,190,128.18
S,SEM-Hotels,8001,414,203.43,,334,143,96.9
S,SEM-Hotels,3924,197,201.56,,198,146,133.15
S,SEM-Hotels,10846,499,197.45,,405,120,88.42
S,SEM-Hotels,27638,299,188.33,,287,75,53.59
S,SEM-Hotels,18667,1032,186.16,,898,170,201.06
S,SEM-Hotels,49612,1383,182.26,,1228,233,195.15
S,SEM-Hotels,17841,1268,181.94,,961,233,202.18
S,SEM-Hotels,36963,1611,176.48,,1413,246,233.13
S,SEM-Hotels,17089,1095,172.83,,804,178,228.17
S,SEM-Hotels,9823,110,155.5,,104,54,49.81
S,SEM-Hotels,3925,270,147.3,,252,106,90.28
S,SEM-Hotels,5077,181,141.71,,172,75,63.7
S,SEM-Hotels,7655,363,140.54,,308,87,63.39
S,SEM-Hotels,10776,181,130.06,,201,60,45.21
S,SEM-Hotels,35077,762,123.85,,673,194,170.23
S,SEM-Hotels,16932,796,114.95,,565,143,181.3
S,SEM-Hotels,10922,145,105.45,,131,106,101.2
S,SEM-Hotels,5377,123,93.81,,123,40,31.38
S,SEM-Hotels,3119,173,79.03,,167,28,21.24
S,SEM-Hotels,16866,213,71.25,,198,62,65.5
S,SEM-Hotels,4807,99,60.46,,70,39,26.04
S,SEM-Hotels,8746,165,58.33,,144,36,25
S,SEM-Hotels,1577,87,53.05,,29,15,10.11
S,SEM-Hotels,1452,100,48.48,,93,20,14.39
S,SEM-Hotels,991,97,46.95,,92,35,31.38
S,SEM-Hotels,2763,105,45.63,,93,37,28.33
S,SEM-Hotels,1662,70,45.45,,68,14,9.58
S,SEM-Hotels,1384,62,44,,62,25,25.74
S,SEM-Hotels,11947,78,43.93,,61,6,4.46
S,SEM-Hotels,6742,238,39.6,,208,45,29.41
S,SEM-Hotels,5943,162,36.35,,167,56,49.1
S,SEM-Hotels,2290,52,35.19,,58,34,24.65
S,SEM-Hotels,9403,108,34.21,,96,16,11.04
S,SEM-Hotels,1002,35,27.73,,32,5,7.9
S,SEM-Hotels,2534,82,25.81,,73,30,18.62
S,SEM-Hotels,1114,82,25.06,,81,16,9.66
S,SEM-Hotels,2300,52,24.37,,46,21,20.72
S,SEM-Hotels,1833,21,17.24,,20,39,30.63
S,SEM-Hotels,5925,109,16.62,,99,17,12.68
S,SEM-Hotels,6955,190,16.49,,171,25,20.53
S,SEM-Hotels,602,58,15.47,,57,2,1.29
S,SEM-Hotels,4164,164,13.79,,140,22,29.6
S,SEM-Hotels,6197,135,13.08,,35,13,12.2
S,SEM-Hotels,3987,156,12.1,,134,17,8.74
S,SEM-Hotels,581,27,11.49,,28,2,3.6
S,SEM-Hotels,5420,136,10.23,,109,21,8.55
S,SEM-Hotels,667,17,9.72,,11,5,3.99
S,SEM-Hotels,2941,51,8.74,,53,9,6.82
S,SEM-Hotels,5385,129,8.07,,106,9,9.45
S,SEM-Hotels,278,12,7.03,,7,0,0.38
S,SEM-Hotels,2203,84,6.76,,77,7,6.86
S,SEM-Hotels,181,15,6.21,,29,2,3.72
S,SEM-Hotels,524,14,5.41,,13,5,5.69
S,SEM-Hotels,2693,28,5.32,,28,6,1.86
S,SEM-Hotels,1056,24,4.14,,17,3,1.85
S,SEM-Hotels,248,8,3.36,,8,1,1.11
S,SEM-Hotels,537,16,3.14,,19,2,1.55
S,SEM-Hotels,693,16,2.75,,6,1,1.13
S,SEM-Hotels,692,15,2.53,,8,2,1
S,SEM-Hotels,1463,37,2.4,,28,3,6.04
S,SEM-Hotels,1804,40,2.06,,33,6,3.14
S,SEM-Hotels,138,7,2.02,,7,1,1.08
S,SEM-Hotels,1562,27,1.96,,24,2,1.08
S,SEM-Hotels,260,9,0.74,,7,1,3.19
S,SEM-Hotels,294,2,0.56,,1,2,1.18
S,SEM-Hotels,407,7,0.54,,7,1,0.44
S,SEM-Hotels,10,1,0.41,,1,0,
T,APP-Acquisition-Android,2049435,21503,574,982,,2093,116.71
T,APP-Acquisition-iOS,1155443,5560,452,539,,477,75.08
T,SEM-Brand,9448,2027,225.34,,2971,953,298.67
T,SEM-Flights,214837,4005,285.35,,3492,251,83.02
T,SEM-Flights,1095,232,138.21,,272,91,35.08
T,SEM-Flights,15846,611,90.3,,608,88,36.18
T,SEM-Flights,15107,881,90.26,,844,58,17.63
T,SEM-Flights,14069,658,66.28,,611,109,42.44
T,SEM-Flights,1982,92,44.95,,79,10,1.65
T,SEM-Flights,3818,182,44.03,,152,4,0.58
T,SEM-Flights,4110,348,43.73,,317,39,6.28
T,SEM-Flights,3244,174,43.72,,164,1,0.27
T,SEM-Flights,2283,103,40.26,,114,8,2.68
T,SEM-Flights,5344,193,36.21,,202,65,19.6
T,SEM-Flights,52400,978,21.37,,857,44,4.97
T,SEM-Flights,3735,99,17.53,,115,20,2.67
T,SEM-Flights,2155,85,14.67,,89,14,4.74
T,SEM-Flights,10431,366,11.7,,345,41,6.03
T,SEM-Flights,12256,382,9.04,,344,20,3.2
T,SEM-Flights,1038,15,8.4,,21,3,0.72
T,SEM-Flights,6035,40,6.27,,43,6,2.68
T,SEM-Flights,3305,114,6.03,,109,13,2.04
T,SEM-Flights,6207,18,5.38,,20,3,2.51
T,SEM-Flights,2993,89,3.91,,100,11,1.62
T,SEM-Flights,869,48,3.87,,34,6,1.34
T,SEM-Flights,377,18,3.39,,21,4,0.5
T,SEM-Flights,752,34,3.17,,32,2,0.58
T,SEM-Flights,1242,48,1.94,,43,4,1.31
T,SEM-Flights,283,15,1.64,,18,1,1.71
T,SEM-Flights,2678,8,1.46,,10,0,
T,SEM-Flights,64,5,1.04,,4,1,0.27
T,SEM-Flights,480,20,0.95,,21,4,0.55
T,SEM-Flights,592,9,0.59,,11,0,
T,SEM-Hotels,64710,4167,1312.15,,3956,654,357.13
T,SEM-Hotels,151661,4721,1300,,4238,559,363.19
T,SEM-Hotels,92818,4821,1298.07,,4482,677,403.33
T,SEM-Hotels,199970,12665,1025.87,,12042,1071,626.89
T,SEM-Hotels,56034,3683,377.5,,3606,412,230.13
T,SEM-Hotels,84267,2539,211.35,,2408,206,126.54
T,SEM-Hotels,64507,302,123.87,,282,53,35
T,SEM-Hotels,13712,210,77.81,,204,45,40.97
T,SEM-Hotels,35682,300,76.99,,288,28,19.92
T,SEM-Hotels,5531,70,21.25,,70,7,2.22
T,SEM-Hotels,1980,131,14.96,,116,30,12.34
T,SEM-Hotels,3909,55,14.06,,45,17,8
T,SEM-Hotels,17075,34,13.04,,34,9,13.93
T,SEM-Hotels,2257,47,11.84,,38,12,5.42
T,SEM-Hotels,4024,53,11.65,,55,8,3.89
T,SEM-Hotels,7220,100,9.53,,71,5,2.64
T,SEM-Hotels,2266,60,7.88,,64,10,4.23
T,SEM-Hotels,849,24,7.66,,22,4,1.24
T,SEM-Hotels,2903,44,7.07,,39,6,3.21
T,SEM-Hotels,2600,18,4.84,,18,3,1.6
T,SEM-Hotels,2333,46,4.11,,47,1,1.13
T,SEM-Hotels,1807,40,3.6,,40,9,3.63
T,SEM-Hotels,1103,18,3.06,,20,12,11.27
T,SEM-Hotels,2925,48,2.92,,44,1,0.3
T,SEM-Hotels,939,28,2.72,,31,4,2.37
T,SEM-Hotels,402,12,1,,12,0,
T,SEM-Hotels,375,3,0.22,,3,0,